USE ott_db;

INSERT INTO users VALUES
('USR001', 'Arnav Saxena',  'arnav@aperture.io',   'admin123', 21, '2025-01-15 10:00:00'),
('USR002', 'Priya Sharma',  'priya.s@gmail.com',   'pass123',  28, '2025-02-20 12:30:00'),
('USR003', 'Rahul Verma',   'rahul.v@outlook.com', 'pass123',  34, '2025-03-01 09:45:00'),
('USR004', 'Sneha Patel',   'sneha.p@yahoo.com',   'pass123',  25, '2025-01-25 14:20:00'),
('USR005', 'Aditya Kumar',  'aditya.k@gmail.com',  'pass123',  19, '2025-04-10 16:00:00'),
('USR006', 'Kavya Nair',    'kavya.n@aperture.io', 'pass123',  22, '2025-02-14 11:15:00'),
('USR007', 'Vikram Singh',  'vikram.s@gmail.com',  'pass123',  30, '2024-12-01 08:00:00'),
('USR008', 'Meera Joshi',   'meera.j@outlook.com', 'pass123',  27, '2025-03-15 13:45:00'),
('USR009', 'Rohan Das',     'rohan.d@gmail.com',   'pass123',  23, '2025-05-01 17:30:00'),
('USR010', 'Ananya Gupta',  'ananya.g@yahoo.com',  'pass123',  20, '2025-04-22 10:10:00');

INSERT INTO subscription_plans VALUES
('PLAN001', 'Mobile',         149.00,  30),
('PLAN002', 'Basic',          199.00,  30),
('PLAN003', 'Standard',       499.00,  30),
('PLAN004', 'Premium',        649.00,  30),
('PLAN005', 'Annual Premium', 5999.00, 365);

INSERT INTO genres VALUES
('G001', 'Sci-Fi'),
('G002', 'Horror'),
('G003', 'Drama'),
('G004', 'Crime'),
('G005', 'Thriller'),
('G006', 'Action'),
('G007', 'Fantasy'),
('G008', 'Animation'),
('G009', 'Mystery'),
('G010', 'Comedy'),
('G011', 'History');

INSERT INTO shows VALUES
('SHW001', 'Stranger Things',  2016, 'English',  50),
('SHW002', 'Money Heist',      2017, 'Spanish',  50),
('SHW003', 'Breaking Bad',     2008, 'English',  45),
('SHW004', 'Squid Game',       2021, 'Korean',   55),
('SHW005', 'Arcane',           2021, 'English',  40),
('SHW006', 'The Last of Us',   2023, 'English',  55),
('SHW007', 'House of Cards',   2013, 'English',  51),
('SHW008', 'The Witcher',      2019, 'English',  60),
('SHW009', 'Dark',             2017, 'German',   50),
('SHW010', 'Peaky Blinders',   2013, 'English',  60),
('SHW011', 'Wednesday',        2022, 'English',  45),
('SHW012', 'Narcos',           2015, 'English',  49),
('SHW013', 'Black Mirror',     2011, 'English',  60),
('SHW014', 'Ozark',            2017, 'English',  60),
('SHW015', 'The Crown',        2016, 'English',  58);

INSERT INTO show_genres VALUES
('SHW001', 'G001'), ('SHW001', 'G002'), ('SHW001', 'G003'),
('SHW002', 'G004'), ('SHW002', 'G003'), ('SHW002', 'G005'),
('SHW003', 'G004'), ('SHW003', 'G003'), ('SHW003', 'G005'),
('SHW004', 'G006'), ('SHW004', 'G003'), ('SHW004', 'G005'),
('SHW005', 'G008'), ('SHW005', 'G006'), ('SHW005', 'G001'),
('SHW006', 'G006'), ('SHW006', 'G003'), ('SHW006', 'G001'),
('SHW007', 'G003'), ('SHW007', 'G005'),
('SHW008', 'G006'), ('SHW008', 'G007'), ('SHW008', 'G003'),
('SHW009', 'G001'), ('SHW009', 'G005'), ('SHW009', 'G009'),
('SHW010', 'G004'), ('SHW010', 'G003'),
('SHW011', 'G010'), ('SHW011', 'G009'), ('SHW011', 'G007'),
('SHW012', 'G004'), ('SHW012', 'G003'), ('SHW012', 'G005'),
('SHW013', 'G001'), ('SHW013', 'G003'), ('SHW013', 'G005'),
('SHW014', 'G004'), ('SHW014', 'G003'), ('SHW014', 'G005'),
('SHW015', 'G003'), ('SHW015', 'G011');

INSERT INTO payments VALUES
('PAY001', 'USR001', 'PLAN004', 649.00,  'UPI',        '2025-03-01'),
('PAY002', 'USR002', 'PLAN003', 499.00,  'Card',       '2025-03-05'),
('PAY003', 'USR003', 'PLAN002', 199.00,  'NetBanking', '2025-03-10'),
('PAY004', 'USR004', 'PLAN004', 649.00,  'UPI',        '2025-03-12'),
('PAY005', 'USR005', 'PLAN001', 149.00,  'Wallet',     '2025-03-15'),
('PAY006', 'USR007', 'PLAN005', 5999.00, 'Card',       '2025-01-01'),
('PAY007', 'USR006', 'PLAN003', 499.00,  'UPI',        '2025-03-18'),
('PAY008', 'USR008', 'PLAN004', 649.00,  'Card',       '2025-03-20'),
('PAY009', 'USR009', 'PLAN002', 199.00,  'NetBanking', '2025-03-22'),
('PAY010', 'USR010', 'PLAN001', 149.00,  'Wallet',     '2025-03-25'),
('PAY011', 'USR001', 'PLAN004', 649.00,  'UPI',        '2025-04-01'),
('PAY012', 'USR002', 'PLAN003', 499.00,  'Card',       '2025-04-05'),
('PAY013', 'USR003', 'PLAN002', 199.00,  'NetBanking', '2025-04-10'),
('PAY014', 'USR004', 'PLAN004', 649.00,  'Card',       '2025-04-12'),
('PAY015', 'USR005', 'PLAN001', 149.00,  'UPI',        '2025-04-15'),
('PAY016', 'USR006', 'PLAN003', 499.00,  'Wallet',     '2025-04-18'),
('PAY017', 'USR008', 'PLAN004', 649.00,  'UPI',        '2025-04-20'),
('PAY018', 'USR009', 'PLAN002', 199.00,  'Card',       '2025-04-22'),
('PAY019', 'USR010', 'PLAN001', 149.00,  'NetBanking', '2025-04-25'),
('PAY020', 'USR001', 'PLAN005', 5999.00, 'Card',       '2025-05-01');

INSERT INTO watch_history VALUES
('WH001', 'USR001', 'SHW001', '21:30:00', 85,  4, 7,  280, 'Laptop'),
('WH002', 'USR001', 'SHW003', '14:15:00', 100, 5, 16, 720, 'TV'),
('WH003', 'USR002', 'SHW004', '22:00:00', 60,  1, 6,  180, 'Mobile'),
('WH004', 'USR003', 'SHW005', '19:45:00', 100, 1, 9,  360, 'Tablet'),
('WH005', 'USR004', 'SHW002', '23:10:00', 45,  3, 4,  150, 'TV'),
('WH006', 'USR005', 'SHW001', '10:30:00', 20,  1, 2,  50,  'Mobile'),
('WH007', 'USR006', 'SHW009', '20:00:00', 75,  2, 5,  240, 'Laptop'),
('WH008', 'USR007', 'SHW010', '18:30:00', 90,  6, 5,  400, 'TV'),
('WH009', 'USR001', 'SHW006', '23:00:00', 30,  1, 3,  90,  'Laptop'),
('WH010', 'USR002', 'SHW011', '20:30:00', 55,  1, 5,  150, 'Mobile'),
('WH011', 'USR003', 'SHW003', '15:00:00', 70,  3, 8,  300, 'TV'),
('WH012', 'USR004', 'SHW008', '21:00:00', 40,  1, 3,  120, 'Laptop'),
('WH013', 'USR005', 'SHW013', '19:00:00', 25,  1, 2,  60,  'Mobile'),
('WH014', 'USR006', 'SHW012', '22:30:00', 65,  2, 6,  200, 'TV'),
('WH015', 'USR007', 'SHW007', '16:45:00', 80,  4, 10, 350, 'Laptop'),
('WH016', 'USR008', 'SHW001', '21:15:00', 50,  2, 5,  150, 'Tablet'),
('WH017', 'USR009', 'SHW014', '23:30:00', 35,  1, 4,  100, 'TV'),
('WH018', 'USR010', 'SHW004', '20:00:00', 90,  1, 8,  300, 'Mobile'),
('WH019', 'USR001', 'SHW009', '22:45:00', 60,  1, 6,  180, 'TV'),
('WH020', 'USR002', 'SHW010', '19:30:00', 45,  3, 3,  130, 'Laptop'),
('WH021', 'USR003', 'SHW015', '17:00:00', 70,  2, 8,  280, 'TV'),
('WH022', 'USR004', 'SHW013', '21:30:00', 55,  2, 4,  160, 'Mobile'),
('WH023', 'USR005', 'SHW006', '22:00:00', 15,  1, 1,  40,  'Tablet'),
('WH024', 'USR007', 'SHW014', '20:30:00', 85,  3, 9,  380, 'TV'),
('WH025', 'USR008', 'SHW011', '18:00:00', 95,  1, 8,  320, 'Laptop');

INSERT INTO reviews VALUES
('REV001', 'USR001', 'SHW001', 5, 'Absolutely phenomenal! The Upside Down is terrifying.'),
('REV002', 'USR002', 'SHW004', 4, 'Intense and gripping. Could not stop watching.'),
('REV003', 'USR003', 'SHW003', 5, 'Walter White is the greatest character in TV history.'),
('REV004', 'USR004', 'SHW002', 4, 'The Professor is a genius. La Casa de Papel forever!'),
('REV005', 'USR001', 'SHW005', 5, 'Animation quality is unmatched. Pure art.'),
('REV006', 'USR005', 'SHW001', 3, 'Season 1 was great but it gets repetitive.'),
('REV007', 'USR006', 'SHW009', 5, 'Mind-bending time travel. Best German show ever.'),
('REV008', 'USR007', 'SHW010', 4, 'Tommy Shelby is iconic. By order of the Peaky Blinders!'),
('REV009', 'USR008', 'SHW006', 5, 'Better than the game. Joel and Ellie are heart-wrenching.'),
('REV010', 'USR009', 'SHW013', 4, 'Every episode makes you question technology.'),
('REV011', 'USR001', 'SHW003', 5, 'Rewatched it three times. Gets better every time.'),
('REV012', 'USR002', 'SHW011', 4, 'Jenna Ortega was born for this role.'),
('REV013', 'USR003', 'SHW005', 5, 'Stunning visuals and incredible storyline.'),
('REV014', 'USR004', 'SHW008', 3, 'Good fight scenes but the story deviates from the books.'),
('REV015', 'USR007', 'SHW014', 5, 'Absolutely riveting. Bateman is brilliant.'),
('REV016', 'USR010', 'SHW004', 5, 'One of the best K-dramas of all time.');
